{
  "accuracy": 0.9856502242152466,
  "precision": 0.9586206896551724,
  "recall": 0.9328859060402684,
  "f1": 0.9455782312925171,
  "roc_auc": 0.9896063473536482
}